Task,Task_Number,Task_Type,Answer_Out,Solution,Correct,Time,TimeOut,Correct_Only_Time,SubjectID,TaskBase,min,max,Normalized_Time,Time_Score
Task1CM,1,CM,5,5,True,161.778,False,161.778,615db7bf-3727-4ad8-a57f-4b18d9d94739,Task1,25.049,430.619,0.33712799270162974,0.6628720072983703
Task1CM,1,CM,5,5,True,121.053,False,121.053,f9ec2bc7-062a-49b5-9a15-8a0d6b5e18de,Task1,25.049,430.619,0.23671376087974944,0.7632862391202506
Task1CM,1,CM,6,5,False,309.727,True,0.0,dac593bd-1be4-425d-b1c9-3706b5a3f56f,Task1,25.049,430.619,0.7019207535074092,0.29807924649259077
Task1CM,1,CM,5,5,True,134.859,False,134.859,b1c5e27d-dd98-491a-9641-eba35a06c659,Task1,25.049,430.619,0.2707547402421283,0.7292452597578717
Task1CM,1,CM,5,5,True,310.073,True,310.073,967a04d0-ff4d-43e7-b0df-c8a8ac083141,Task1,25.049,430.619,0.7027738738072342,0.2972261261927658
Task1CM,1,CM,5,5,True,186.219,False,186.219,66b337a9-fadd-45fe-ad28-c77543f6630f,Task1,25.049,430.619,0.3973913257883965,0.6026086742116035
Task1CM,1,CM,5,5,True,253.979,False,253.979,45c939e2-e7fc-4728-b3e9-b2ed5380a6cd,Task1,25.049,430.619,0.5644648272801243,0.43553517271987574
Task1CM,1,CM,6,5,False,25.049,False,0.0,ba88bf04-ee4f-4e6f-8e5a-3c5e62ff5657,Task1,25.049,430.619,0.0,1.0
Task1CM,1,CM,5,5,True,196.752,False,196.752,782b7c64-dfa7-4184-8205-a06d6c33efde,Task1,25.049,430.619,0.42336218162092853,0.5766378183790715
Task1CM,1,CM,4,5,False,209.174,False,0.0,4d750b0b-717b-4190-a74f-e8c6189a082f,Task1,25.049,430.619,0.45399067978400764,0.5460093202159924
Task1CP,1,CP,6,5,False,164.229,False,0.0,1ce913d5-069e-4146-9f00-0e5864133078,Task1,25.049,430.619,0.3431713391029908,0.6568286608970092
Task1CP,1,CP,5,5,True,306.72,True,306.72,9679a6e6-f970-447c-802a-86f7f518f29c,Task1,25.049,430.619,0.694506497028873,0.305493502971127
Task1CP,1,CP,5,5,True,307.774,True,307.774,625d844e-747c-410e-a5d3-ed058832d3bc,Task1,25.049,430.619,0.6971053085780506,0.30289469142194936
Task1CP,1,CP,6,5,False,430.619,False,0.0,1de0f518-4e16-4de9-8219-d710cf64b71f,Task1,25.049,430.619,1.0,0.0
Task1CP,1,CP,4,5,False,281.457,False,0.0,1d1071e4-7420-4ae4-b761-89c85bf3ab57,Task1,25.049,430.619,0.6322163868136202,0.36778361318637975
Task1CP,1,CP,4,5,False,264.806,False,0.0,cb039d67-cebf-4750-8d66-55e7a5ca9e1b,Task1,25.049,430.619,0.5911605888009467,0.4088394111990533
Task1CP,1,CP,4,5,False,209.898,False,0.0,5e4ae544-c0e0-434a-b361-f1bb9399dcb0,Task1,25.049,430.619,0.45577582168306324,0.5442241783169368
Task1CP,1,CP,5,5,True,214.752,False,214.752,dfab1ede-3be6-4858-8d67-0003b2a071a8,Task1,25.049,430.619,0.4677441625366767,0.5322558374633233
Task1CP,1,CP,4,5,False,306.195,True,0.0,9a43cae5-66ad-46b5-8c39-8a42777c4ac7,Task1,25.049,430.619,0.6932120225854969,0.30678797741450314
Task1CP,1,CP,6,5,False,230.889,False,0.0,66310afd-d49f-428c-88c0-3f9ff2788f4d,Task1,25.049,430.619,0.507532608427645,0.492467391572355
Task2CM,2,CM,"[8, 6, 1, 5, 7, 9, 3]","[9, 1]",False,251.226,False,0.0,615db7bf-3727-4ad8-a57f-4b18d9d94739,Task2,52.055,385.191,0.5978669372268384,0.40213306277316163
Task2CM,2,CM,"[9, 1]","[9, 1]",True,122.911,False,122.911,f9ec2bc7-062a-49b5-9a15-8a0d6b5e18de,Task2,52.055,385.191,0.21269391479756017,0.7873060852024398
Task2CM,2,CM,"[9, 1]","[9, 1]",True,385.191,True,385.191,dac593bd-1be4-425d-b1c9-3706b5a3f56f,Task2,52.055,385.191,1.0,0.0
Task2CM,2,CM,"[9, 1]","[9, 1]",True,150.213,False,150.213,b1c5e27d-dd98-491a-9641-eba35a06c659,Task2,52.055,385.191,0.294648431871668,0.705351568128332
Task2CM,2,CM,"[9, 1, 3, 7]","[9, 1]",False,307.168,True,0.0,967a04d0-ff4d-43e7-b0df-c8a8ac083141,Task2,52.055,385.191,0.7657923490706499,0.23420765092935014
Task2CM,2,CM,"[9, 1]","[9, 1]",True,203.582,False,203.582,66b337a9-fadd-45fe-ad28-c77543f6630f,Task2,52.055,385.191,0.4548502713606455,0.5451497286393545
Task2CM,2,CM,"[9, 1]","[9, 1]",True,52.055,False,52.055,45c939e2-e7fc-4728-b3e9-b2ed5380a6cd,Task2,52.055,385.191,0.0,1.0
Task2CM,2,CM,"[8, 6, 1, 5, 7, 9, 1, 3, 7]","[9, 1]",False,121.689,False,0.0,ba88bf04-ee4f-4e6f-8e5a-3c5e62ff5657,Task2,52.055,385.191,0.20902574323999806,0.790974256760002
Task2CM,2,CM,"[9, 1]","[9, 1]",True,191.913,False,191.913,782b7c64-dfa7-4184-8205-a06d6c33efde,Task2,52.055,385.191,0.41982253494068494,0.580177465059315
Task2CM,2,CM,[],"[9, 1]",False,278.376,False,0.0,4d750b0b-717b-4190-a74f-e8c6189a082f,Task2,52.055,385.191,0.6793651841890399,0.3206348158109601
Task2CP,2,CP,"[9, 1]","[9, 1]",True,160.968,False,160.968,1ce913d5-069e-4146-9f00-0e5864133078,Task2,52.055,385.191,0.3269325440660871,0.6730674559339129
Task2CP,2,CP,"[9, 1]","[9, 1]",True,92.315,False,92.315,9679a6e6-f970-447c-802a-86f7f518f29c,Task2,52.055,385.191,0.12085154411411556,0.8791484558858844
Task2CP,2,CP,"[9, 1]","[9, 1]",True,235.357,False,235.357,625d844e-747c-410e-a5d3-ed058832d3bc,Task2,52.055,385.191,0.5502317371884156,0.44976826281158444
Task2CP,2,CP,"[8, 6, 1, 5, 7, 9, 3]","[9, 1]",False,329.682,False,0.0,1de0f518-4e16-4de9-8219-d710cf64b71f,Task2,52.055,385.191,0.833374357619711,0.16662564238028899
Task2CP,2,CP,"[9, 1]","[9, 1]",True,186.115,False,186.115,1d1071e4-7420-4ae4-b761-89c85bf3ab57,Task2,52.055,385.191,0.40241823159310314,0.5975817684068969
Task2CP,2,CP,"[9, 3]","[9, 1]",False,303.838,True,0.0,cb039d67-cebf-4750-8d66-55e7a5ca9e1b,Task2,52.055,385.191,0.7557964314874407,0.2442035685125593
Task2CP,2,CP,2,"[9, 1]",False,251.206,False,0.0,5e4ae544-c0e0-434a-b361-f1bb9399dcb0,Task2,52.055,385.191,0.597806901685798,0.402193098314202
Task2CP,2,CP,"[9, 1, 7, 3]","[9, 1]",False,249.57,False,0.0,dfab1ede-3be6-4858-8d67-0003b2a071a8,Task2,52.055,385.191,0.5928959944287018,0.4071040055712982
Task2CP,2,CP,[],"[9, 1]",False,237.623,False,0.0,9a43cae5-66ad-46b5-8c39-8a42777c4ac7,Task2,52.055,385.191,0.5570337639882811,0.4429662360117189
Task2CP,2,CP,"[9, 1]","[9, 1]",True,367.499,False,367.499,66310afd-d49f-428c-88c0-3f9ff2788f4d,Task2,52.055,385.191,0.9468925603957544,0.053107439604245577
Task3CM,3,CM,10,5,False,320.501,True,0.0,615db7bf-3727-4ad8-a57f-4b18d9d94739,Task3,100.211,406.343,0.719591548743679,0.28040845125632097
Task3CM,3,CM,5,5,True,143.619,False,143.619,f9ec2bc7-062a-49b5-9a15-8a0d6b5e18de,Task3,100.211,406.343,0.14179504266133564,0.8582049573386643
Task3CM,3,CM,0,5,False,304.049,True,0.0,dac593bd-1be4-425d-b1c9-3706b5a3f56f,Task3,100.211,406.343,0.6658500254792049,0.3341499745207951
Task3CM,3,CM,5,5,True,165.02,False,165.02,b1c5e27d-dd98-491a-9641-eba35a06c659,Task3,100.211,406.343,0.2117027948728,0.7882972051272
Task3CM,3,CM,5,5,True,321.046,True,321.046,967a04d0-ff4d-43e7-b0df-c8a8ac083141,Task3,100.211,406.343,0.7213718265323454,0.27862817346765456
Task3CM,3,CM,15,5,False,292.204,False,0.0,66b337a9-fadd-45fe-ad28-c77543f6630f,Task3,100.211,406.343,0.6271575660172736,0.37284243398272643
Task3CM,3,CM,5,5,True,139.77,False,139.77,45c939e2-e7fc-4728-b3e9-b2ed5380a6cd,Task3,100.211,406.343,0.1292220349391766,0.8707779650608234
Task3CM,3,CM,9,5,False,214.633,False,0.0,ba88bf04-ee4f-4e6f-8e5a-3c5e62ff5657,Task3,100.211,406.343,0.37376687180693297,0.6262331281930671
Task3CM,3,CM,5,5,True,236.113,False,236.113,782b7c64-dfa7-4184-8205-a06d6c33efde,Task3,100.211,406.343,0.4439326826336351,0.5560673173663648
Task3CM,3,CM,4,5,False,243.335,False,0.0,4d750b0b-717b-4190-a74f-e8c6189a082f,Task3,100.211,406.343,0.46752381325702647,0.5324761867429735
Task3CP,3,CP,3,5,False,100.211,False,0.0,1ce913d5-069e-4146-9f00-0e5864133078,Task3,100.211,406.343,0.0,1.0
Task3CP,3,CP,5,5,True,288.608,False,288.608,9679a6e6-f970-447c-802a-86f7f518f29c,Task3,100.211,406.343,0.6154109991768256,0.3845890008231744
Task3CP,3,CP,5,5,True,304.823,True,304.823,625d844e-747c-410e-a5d3-ed058832d3bc,Task3,100.211,406.343,0.6683783465955861,0.33162165340441385
Task3CP,3,CP,0,5,False,400.486,True,0.0,1de0f518-4e16-4de9-8219-d710cf64b71f,Task3,100.211,406.343,0.9808677302601492,0.019132269739850827
Task3CP,3,CP,2,5,False,291.621,False,0.0,1d1071e4-7420-4ae4-b761-89c85bf3ab57,Task3,100.211,406.343,0.6252531587681129,0.37474684123188706
Task3CP,3,CP,13,5,False,273.551,False,0.0,cb039d67-cebf-4750-8d66-55e7a5ca9e1b,Task3,100.211,406.343,0.5662263337383873,0.43377366626161273
Task3CP,3,CP,4,5,False,305.422,True,0.0,5e4ae544-c0e0-434a-b361-f1bb9399dcb0,Task3,100.211,406.343,0.6703350188807443,0.3296649811192557
Task3CP,3,CP,no idea,5,False,313.601,True,0.0,dfab1ede-3be6-4858-8d67-0003b2a071a8,Task3,100.211,406.343,0.6970522519697385,0.3029477480302615
Task3CP,3,CP,4,5,False,225.243,False,0.0,9a43cae5-66ad-46b5-8c39-8a42777c4ac7,Task3,100.211,406.343,0.408425123802804,0.591574876197196
Task3CP,3,CP,5,5,True,406.343,False,406.343,66310afd-d49f-428c-88c0-3f9ff2788f4d,Task3,100.211,406.343,1.0,0.0
Task4CM,4,CM,3,5,False,306.141,True,0.0,615db7bf-3727-4ad8-a57f-4b18d9d94739,Task4,53.332,376.986,0.7811088384509385,0.21889116154906152
Task4CM,4,CM,5,5,True,103.385,False,103.385,f9ec2bc7-062a-49b5-9a15-8a0d6b5e18de,Task4,53.332,376.986,0.1546497185265747,0.8453502814734253
Task4CM,4,CM,100,5,False,291.427,False,0.0,dac593bd-1be4-425d-b1c9-3706b5a3f56f,Task4,53.332,376.986,0.7356467091400076,0.2643532908599924
Task4CM,4,CM,4,5,False,219.891,False,0.0,b1c5e27d-dd98-491a-9641-eba35a06c659,Task4,53.332,376.986,0.5146205515766837,0.48537944842331626
Task4CM,4,CM,5,5,True,306.464,True,306.464,967a04d0-ff4d-43e7-b0df-c8a8ac083141,Task4,53.332,376.986,0.782106817774537,0.21789318222546294
Task4CM,4,CM,2,5,False,158.05,False,0.0,66b337a9-fadd-45fe-ad28-c77543f6630f,Task4,53.332,376.986,0.32354922231766026,0.6764507776823397
Task4CM,4,CM,5,5,True,53.332,False,53.332,45c939e2-e7fc-4728-b3e9-b2ed5380a6cd,Task4,53.332,376.986,0.0,1.0
Task4CM,4,CM,5,5,True,142.225,False,142.225,ba88bf04-ee4f-4e6f-8e5a-3c5e62ff5657,Task4,53.332,376.986,0.2746544148998622,0.7253455851001378
Task4CM,4,CM,4,5,False,274.599,False,0.0,782b7c64-dfa7-4184-8205-a06d6c33efde,Task4,53.332,376.986,0.6836529132962978,0.31634708670370215
Task4CM,4,CM,5,5,True,174.622,False,174.622,4d750b0b-717b-4190-a74f-e8c6189a082f,Task4,53.332,376.986,0.37475205002873446,0.6252479499712655
Task4CP,4,CP,5,5,True,84.768,False,84.768,1ce913d5-069e-4146-9f00-0e5864133078,Task4,53.332,376.986,0.09712841491222107,0.9028715850877789
Task4CP,4,CP,5,5,True,131.66,False,131.66,9679a6e6-f970-447c-802a-86f7f518f29c,Task4,53.332,376.986,0.24201153083230859,0.7579884691676915
Task4CP,4,CP,5,5,True,231.314,False,231.314,625d844e-747c-410e-a5d3-ed058832d3bc,Task4,53.332,376.986,0.5499144147762735,0.45008558522372655
Task4CP,4,CP,3,5,False,376.986,False,0.0,1de0f518-4e16-4de9-8219-d710cf64b71f,Task4,53.332,376.986,1.0,0.0
Task4CP,4,CP,1,5,False,303.892,True,0.0,1d1071e4-7420-4ae4-b761-89c85bf3ab57,Task4,53.332,376.986,0.774160059816965,0.225839940183035
Task4CP,4,CP,3,5,False,237.464,False,0.0,cb039d67-cebf-4750-8d66-55e7a5ca9e1b,Task4,53.332,376.986,0.5689161882751333,0.43108381172486665
Task4CP,4,CP,0,5,False,182.439,False,0.0,5e4ae544-c0e0-434a-b361-f1bb9399dcb0,Task4,53.332,376.986,0.39890438554752916,0.6010956144524708
Task4CP,4,CP,7,5,False,270.404,False,0.0,dfab1ede-3be6-4858-8d67-0003b2a071a8,Task4,53.332,376.986,0.6706915409665878,0.3293084590334122
Task4CP,4,CP,5,5,True,312.426,True,312.426,9a43cae5-66ad-46b5-8c39-8a42777c4ac7,Task4,53.332,376.986,0.8005277240509927,0.1994722759490073
Task4CP,4,CP,100,5,False,311.419,True,0.0,66310afd-d49f-428c-88c0-3f9ff2788f4d,Task4,53.332,376.986,0.7974163767480087,0.2025836232519913
Task5CM,5,CM,1,3,False,213.158,False,0.0,615db7bf-3727-4ad8-a57f-4b18d9d94739,Task5,75.888,688.23,0.22417211296954967,0.7758278870304504
Task5CM,5,CM,1,3,False,295.44,False,0.0,f9ec2bc7-062a-49b5-9a15-8a0d6b5e18de,Task5,75.888,688.23,0.35854473480505994,0.6414552651949401
Task5CM,5,CM,3,3,True,688.23,True,688.23,dac593bd-1be4-425d-b1c9-3706b5a3f56f,Task5,75.888,688.23,1.0,0.0
Task5CM,5,CM,3,3,True,261.9,False,261.9,b1c5e27d-dd98-491a-9641-eba35a06c659,Task5,75.888,688.23,0.3037714218524942,0.6962285781475058
Task5CM,5,CM,3,3,True,303.219,False,303.219,967a04d0-ff4d-43e7-b0df-c8a8ac083141,Task5,75.888,688.23,0.3712484200005879,0.6287515799994121
Task5CM,5,CM,1,3,False,313.984,False,0.0,66b337a9-fadd-45fe-ad28-c77543f6630f,Task5,75.888,688.23,0.3888284651387623,0.6111715348612377
Task5CM,5,CM,3,3,True,193.542,False,193.542,45c939e2-e7fc-4728-b3e9-b2ed5380a6cd,Task5,75.888,688.23,0.1921377269565047,0.8078622730434953
Task5CM,5,CM,3,3,True,75.888,False,75.888,ba88bf04-ee4f-4e6f-8e5a-3c5e62ff5657,Task5,75.888,688.23,0.0,1.0
Task5CM,5,CM,dont know,3,False,303.051,True,0.0,782b7c64-dfa7-4184-8205-a06d6c33efde,Task5,75.888,688.23,0.37097406351352674,0.6290259364864732
Task5CM,5,CM,1,3,False,306.749,True,0.0,4d750b0b-717b-4190-a74f-e8c6189a082f,Task5,75.888,688.23,0.37701317237752763,0.6229868276224724
Task5CP,5,CP,3,3,True,182.05,False,182.05,1ce913d5-069e-4146-9f00-0e5864133078,Task5,75.888,688.23,0.1733704367820597,0.8266295632179403
Task5CP,5,CP,3,3,True,370.498,False,370.498,9679a6e6-f970-447c-802a-86f7f518f29c,Task5,75.888,688.23,0.4811200276969406,0.5188799723030594
Task5CP,5,CP,3,3,True,225.202,False,225.202,625d844e-747c-410e-a5d3-ed058832d3bc,Task5,75.888,688.23,0.2438408601729099,0.7561591398270902
Task5CP,5,CP,I don't know,3,False,492.695,False,0.0,1de0f518-4e16-4de9-8219-d710cf64b71f,Task5,75.888,688.23,0.6806768113243906,0.3193231886756094
Task5CP,5,CP,3,3,True,304.576,True,304.576,1d1071e4-7420-4ae4-b761-89c85bf3ab57,Task5,75.888,688.23,0.37346450186333785,0.6265354981366622
Task5CP,5,CP,1,3,False,220.639,False,0.0,cb039d67-cebf-4750-8d66-55e7a5ca9e1b,Task5,75.888,688.23,0.2363891420154097,0.7636108579845903
Task5CP,5,CP,1,3,False,285.529,False,0.0,5e4ae544-c0e0-434a-b361-f1bb9399dcb0,Task5,75.888,688.23,0.34235933514277966,0.6576406648572204
Task5CP,5,CP,3,3,True,276.865,False,276.865,dfab1ede-3be6-4858-8d67-0003b2a071a8,Task5,75.888,688.23,0.3282103791671974,0.6717896208328026
Task5CP,5,CP,3,3,True,271.698,False,271.698,9a43cae5-66ad-46b5-8c39-8a42777c4ac7,Task5,75.888,688.23,0.3197722841157392,0.6802277158842608
Task5CP,5,CP,3,3,True,683.428,False,683.428,66310afd-d49f-428c-88c0-3f9ff2788f4d,Task5,75.888,688.23,0.9921579770781687,0.007842022921831338
Task6CM,6,CM,101,4,False,204.353,False,0.0,615db7bf-3727-4ad8-a57f-4b18d9d94739,Task6,86.704,975.695,0.1323399224514084,0.8676600775485916
Task6CM,6,CM,4,4,True,232.466,False,232.466,f9ec2bc7-062a-49b5-9a15-8a0d6b5e18de,Task6,86.704,975.695,0.163963414702736,0.836036585297264
Task6CM,6,CM,4,4,True,975.695,True,975.695,dac593bd-1be4-425d-b1c9-3706b5a3f56f,Task6,86.704,975.695,1.0,0.0
Task6CM,6,CM,4,4,True,285.883,False,285.883,b1c5e27d-dd98-491a-9641-eba35a06c659,Task6,86.704,975.695,0.22405063718305354,0.7759493628169465
Task6CM,6,CM,5,4,False,304.377,True,0.0,967a04d0-ff4d-43e7-b0df-c8a8ac083141,Task6,86.704,975.695,0.244853997397049,0.7551460026029511
Task6CM,6,CM,6,4,False,338.838,False,0.0,66b337a9-fadd-45fe-ad28-c77543f6630f,Task6,86.704,975.695,0.28361816936279444,0.7163818306372056
Task6CM,6,CM,4,4,True,106.501,False,106.501,45c939e2-e7fc-4728-b3e9-b2ed5380a6cd,Task6,86.704,975.695,0.022269066840946657,0.9777309331590534
Task6CM,6,CM,101,4,False,194.582,False,0.0,ba88bf04-ee4f-4e6f-8e5a-3c5e62ff5657,Task6,86.704,975.695,0.12134881005544487,0.8786511899445552
Task6CM,6,CM,7,4,False,294.906,False,0.0,782b7c64-dfa7-4184-8205-a06d6c33efde,Task6,86.704,975.695,0.2342003462352262,0.7657996537647738
Task6CM,6,CM,6,4,False,396.754,True,0.0,4d750b0b-717b-4190-a74f-e8c6189a082f,Task6,86.704,975.695,0.34876618548444244,0.6512338145155576
Task6CP,6,CP,3,4,False,86.704,False,0.0,1ce913d5-069e-4146-9f00-0e5864133078,Task6,86.704,975.695,0.0,1.0
Task6CP,6,CP,4,4,True,348.776,False,348.776,9679a6e6-f970-447c-802a-86f7f518f29c,Task6,86.704,975.695,0.2947971351790963,0.7052028648209037
Task6CP,6,CP,4,4,True,304.064,True,304.064,625d844e-747c-410e-a5d3-ed058832d3bc,Task6,86.704,975.695,0.24450191284276218,0.7554980871572379
Task6CP,6,CP,8,4,False,256.213,False,0.0,1de0f518-4e16-4de9-8219-d710cf64b71f,Task6,86.704,975.695,0.19067572112653558,0.8093242788734645
Task6CP,6,CP,3,4,False,303.822,True,0.0,1d1071e4-7420-4ae4-b761-89c85bf3ab57,Task6,86.704,975.695,0.24422969411388865,0.7557703058861114
Task6CP,6,CP,6,4,False,184.52,False,0.0,cb039d67-cebf-4750-8d66-55e7a5ca9e1b,Task6,86.704,975.695,0.11003036026236487,0.8899696397376351
Task6CP,6,CP,3,4,False,281.206,False,0.0,5e4ae544-c0e0-434a-b361-f1bb9399dcb0,Task6,86.704,975.695,0.21878961654279963,0.7812103834572004
Task6CP,6,CP,8,4,False,356.358,False,0.0,dfab1ede-3be6-4858-8d67-0003b2a071a8,Task6,86.704,975.695,0.3033259054366129,0.6966740945633871
Task6CP,6,CP,101,4,False,317.124,True,0.0,9a43cae5-66ad-46b5-8c39-8a42777c4ac7,Task6,86.704,975.695,0.25919272523568854,0.7408072747643115
Task6CP,6,CP,4,4,True,414.113,False,414.113,66310afd-d49f-428c-88c0-3f9ff2788f4d,Task6,86.704,975.695,0.36829281736260544,0.6317071826373946
Task7CM,7,CM,656,1024,False,121.759,False,0.0,1ce913d5-069e-4146-9f00-0e5864133078,Task7,80.14,525.096,0.09353509111013224,0.9064649088898677
Task7CM,7,CM,256,1024,False,187.397,False,0.0,9679a6e6-f970-447c-802a-86f7f518f29c,Task7,80.14,525.096,0.24105080052859157,0.7589491994714084
Task7CM,7,CM,1024,1024,True,303.81,True,303.81,625d844e-747c-410e-a5d3-ed058832d3bc,Task7,80.14,525.096,0.5026789165670313,0.49732108343296866
Task7CM,7,CM,1024,1024,True,290.084,False,290.084,1de0f518-4e16-4de9-8219-d710cf64b71f,Task7,80.14,525.096,0.47183092260807813,0.5281690773919219
Task7CM,7,CM,64,1024,False,167.419,False,0.0,1d1071e4-7420-4ae4-b761-89c85bf3ab57,Task7,80.14,525.096,0.19615197907208803,0.803848020927912
Task7CM,7,CM,4,1024,False,242.953,False,0.0,cb039d67-cebf-4750-8d66-55e7a5ca9e1b,Task7,80.14,525.096,0.36590808978865325,0.6340919102113467
Task7CM,7,CM,1,1024,False,80.14,False,0.0,5e4ae544-c0e0-434a-b361-f1bb9399dcb0,Task7,80.14,525.096,0.0,1.0
Task7CM,7,CM,64,1024,False,278.884,False,0.0,dfab1ede-3be6-4858-8d67-0003b2a071a8,Task7,80.14,525.096,0.4466598944614749,0.5533401055385251
Task7CM,7,CM,1024,1024,True,284.123,False,284.123,9a43cae5-66ad-46b5-8c39-8a42777c4ac7,Task7,80.14,525.096,0.45843409235969396,0.5415659076403061
Task7CM,7,CM,1024,1024,True,334.049,False,334.049,66310afd-d49f-428c-88c0-3f9ff2788f4d,Task7,80.14,525.096,0.5706384451496327,0.4293615548503673
Task7CP,7,CP,4,1024,False,217.533,False,0.0,615db7bf-3727-4ad8-a57f-4b18d9d94739,Task7,80.14,525.096,0.3087788455487733,0.6912211544512268
Task7CP,7,CP,128,1024,False,207.023,False,0.0,f9ec2bc7-062a-49b5-9a15-8a0d6b5e18de,Task7,80.14,525.096,0.28515853252905904,0.7148414674709409
Task7CP,7,CP,1024,1024,True,525.096,True,525.096,dac593bd-1be4-425d-b1c9-3706b5a3f56f,Task7,80.14,525.096,1.0,0.0
Task7CP,7,CP,1024,1024,True,154.546,False,154.546,b1c5e27d-dd98-491a-9641-eba35a06c659,Task7,80.14,525.096,0.16722102859608587,0.8327789714039141
Task7CP,7,CP,32,1024,False,318.843,True,0.0,967a04d0-ff4d-43e7-b0df-c8a8ac083141,Task7,80.14,525.096,0.5364642796141641,0.4635357203858359
Task7CP,7,CP,1024,1024,True,300.388,False,300.388,66b337a9-fadd-45fe-ad28-c77543f6630f,Task7,80.14,525.096,0.4949882685029531,0.5050117314970469
Task7CP,7,CP,1024,1024,True,229.245,False,229.245,45c939e2-e7fc-4728-b3e9-b2ed5380a6cd,Task7,80.14,525.096,0.3351005492677928,0.6648994507322072
Task7CP,7,CP,4,1024,False,90.284,False,0.0,ba88bf04-ee4f-4e6f-8e5a-3c5e62ff5657,Task7,80.14,525.096,0.022797759778494964,0.977202240221505
Task7CP,7,CP,64,1024,False,205.135,False,0.0,782b7c64-dfa7-4184-8205-a06d6c33efde,Task7,80.14,525.096,0.2809154163557745,0.7190845836442255
Task7CP,7,CP,4,1024,False,140.451,False,0.0,4d750b0b-717b-4190-a74f-e8c6189a082f,Task7,80.14,525.096,0.13554373915623116,0.8644562608437688
Task8CM,8,CM,8,13,False,156.751,False,0.0,1ce913d5-069e-4146-9f00-0e5864133078,Task8,62.62,339.481,0.339993715257837,0.660006284742163
Task8CM,8,CM,13,13,True,107.86,False,107.86,9679a6e6-f970-447c-802a-86f7f518f29c,Task8,62.62,339.481,0.1634032962389069,0.8365967037610931
Task8CM,8,CM,13,13,True,290.579,False,290.579,625d844e-747c-410e-a5d3-ed058832d3bc,Task8,62.62,339.481,0.8233698498524531,0.1766301501475469
Task8CM,8,CM,13,13,True,205.766,False,205.766,1de0f518-4e16-4de9-8219-d710cf64b71f,Task8,62.62,339.481,0.5170320124539028,0.48296798754609715
Task8CM,8,CM,8,13,False,267.552,False,0.0,1d1071e4-7420-4ae4-b761-89c85bf3ab57,Task8,62.62,339.481,0.7401981499741749,0.2598018500258251
Task8CM,8,CM,13,13,True,233.4,False,233.4,cb039d67-cebf-4750-8d66-55e7a5ca9e1b,Task8,62.62,339.481,0.6168438313810902,0.3831561686189098
Task8CM,8,CM,13,13,True,239.849,False,239.849,5e4ae544-c0e0-434a-b361-f1bb9399dcb0,Task8,62.62,339.481,0.640137108512936,0.35986289148706396
Task8CM,8,CM,1,13,False,165.294,False,0.0,dfab1ede-3be6-4858-8d67-0003b2a071a8,Task8,62.62,339.481,0.3708503545100249,0.6291496454899751
Task8CM,8,CM,21,13,False,294.227,False,0.0,9a43cae5-66ad-46b5-8c39-8a42777c4ac7,Task8,62.62,339.481,0.8365461368701261,0.16345386312987387
Task8CM,8,CM,13,13,True,339.481,False,339.481,66310afd-d49f-428c-88c0-3f9ff2788f4d,Task8,62.62,339.481,1.0,0.0
Task8CP,8,CP,7,13,False,243.536,False,0.0,615db7bf-3727-4ad8-a57f-4b18d9d94739,Task8,62.62,339.481,0.6534542604411601,0.34654573955883994
Task8CP,8,CP,13,13,True,114.559,False,114.559,f9ec2bc7-062a-49b5-9a15-8a0d6b5e18de,Task8,62.62,339.481,0.1875995535665912,0.8124004464334088
Task8CP,8,CP,8,13,False,307.105,False,0.0,dac593bd-1be4-425d-b1c9-3706b5a3f56f,Task8,62.62,339.481,0.883060452718151,0.11693954728184897
Task8CP,8,CP,13,13,True,182.373,False,182.373,b1c5e27d-dd98-491a-9641-eba35a06c659,Task8,62.62,339.481,0.43253834956891724,0.5674616504310828
Task8CP,8,CP,8,13,False,244.1,False,0.0,967a04d0-ff4d-43e7-b0df-c8a8ac083141,Task8,62.62,339.481,0.6554913837629713,0.34450861623702866
Task8CP,8,CP,13,13,True,111.998,False,111.998,66b337a9-fadd-45fe-ad28-c77543f6630f,Task8,62.62,339.481,0.1783494244404232,0.8216505755595768
Task8CP,8,CP,13,13,True,62.62,False,62.62,45c939e2-e7fc-4728-b3e9-b2ed5380a6cd,Task8,62.62,339.481,0.0,1.0
Task8CP,8,CP,8,13,False,105.121,False,0.0,ba88bf04-ee4f-4e6f-8e5a-3c5e62ff5657,Task8,62.62,339.481,0.15351024521330198,0.8464897547866981
Task8CP,8,CP,13,13,True,206.23,False,206.23,782b7c64-dfa7-4184-8205-a06d6c33efde,Task8,62.62,339.481,0.5187079436973788,0.4812920563026212
Task8CP,8,CP,13,13,True,95.507,False,95.507,4d750b0b-717b-4190-a74f-e8c6189a082f,Task8,62.62,339.481,0.11878523880214262,0.8812147611978574
Task9CM,9,CM,"[2, 3, 5, 7, 11, 13, 17]","[2, 3, 5, 7, 11, 13, 17]",True,255.568,False,255.568,1ce913d5-069e-4146-9f00-0e5864133078,Task9,72.114,601.096,0.34680575142443415,0.6531942485755659
Task9CM,9,CM,"[2, 3, 5, 7, 11, 13, 17]","[2, 3, 5, 7, 11, 13, 17]",True,355.909,False,355.909,9679a6e6-f970-447c-802a-86f7f518f29c,Task9,72.114,601.096,0.5364927351025176,0.4635072648974824
Task9CM,9,CM,"[2, 3, 5, 7, 11, 13, 17]","[2, 3, 5, 7, 11, 13, 17]",True,385.421,True,385.421,625d844e-747c-410e-a5d3-ed058832d3bc,Task9,72.114,601.096,0.5922829132182192,0.40771708678178076
Task9CM,9,CM,"[2, 3]","[2, 3, 5, 7, 11, 13, 17]",False,601.096,True,0.0,1de0f518-4e16-4de9-8219-d710cf64b71f,Task9,72.114,601.096,1.0,0.0
Task9CM,9,CM,"[2, 3, 4]","[2, 3, 5, 7, 11, 13, 17]",False,222.933,False,0.0,1d1071e4-7420-4ae4-b761-89c85bf3ab57,Task9,72.114,601.096,0.28511178074112165,0.7148882192588784
Task9CM,9,CM,"[2, 3, 6, 11]","[2, 3, 5, 7, 11, 13, 17]",False,305.464,True,0.0,cb039d67-cebf-4750-8d66-55e7a5ca9e1b,Task9,72.114,601.096,0.44113032201473773,0.5588696779852622
Task9CM,9,CM,TRUE,"[2, 3, 5, 7, 11, 13, 17]",False,260.081,False,0.0,5e4ae544-c0e0-434a-b361-f1bb9399dcb0,Task9,72.114,601.096,0.35533723264685757,0.6446627673531424
Task9CM,9,CM,"[2, 3, 5, 7, 11, 13, 17]","[2, 3, 5, 7, 11, 13, 17]",True,295.936,False,295.936,dfab1ede-3be6-4858-8d67-0003b2a071a8,Task9,72.114,601.096,0.42311836697657007,0.5768816330234299
Task9CM,9,CM,"[2, 3, 5, 7, 11, 13, 17]","[2, 3, 5, 7, 11, 13, 17]",True,312.738,True,312.738,9a43cae5-66ad-46b5-8c39-8a42777c4ac7,Task9,72.114,601.096,0.4548812625004254,0.5451187374995746
Task9CM,9,CM,"[2, 3, 5, 7, 11, 13, 17]","[2, 3, 5, 7, 11, 13, 17]",True,397.263,False,397.263,66310afd-d49f-428c-88c0-3f9ff2788f4d,Task9,72.114,601.096,0.6146693082184271,0.38533069178157286
Task9CP,9,CP,"[2, 3, 5, 7, 11, 13, 17]","[2, 3, 5, 7, 11, 13, 17]",True,287.749,False,287.749,615db7bf-3727-4ad8-a57f-4b18d9d94739,Task9,72.114,601.096,0.40764146984207406,0.5923585301579259
Task9CP,9,CP,"[2, 3, 5, 7, 11, 13, 17]","[2, 3, 5, 7, 11, 13, 17]",True,156.136,False,156.136,f9ec2bc7-062a-49b5-9a15-8a0d6b5e18de,Task9,72.114,601.096,0.1588371627011883,0.8411628372988117
Task9CP,9,CP,"[2, 3, 5, 7, 11, 13, 17]","[2, 3, 5, 7, 11, 13, 17]",True,403.29,False,403.29,dac593bd-1be4-425d-b1c9-3706b5a3f56f,Task9,72.114,601.096,0.6260628906087543,0.3739371093912457
Task9CP,9,CP,"[2, 3, 5, 7, 11, 13, 17]","[2, 3, 5, 7, 11, 13, 17]",True,141.398,False,141.398,b1c5e27d-dd98-491a-9641-eba35a06c659,Task9,72.114,601.096,0.13097610126620565,0.8690238987337944
Task9CP,9,CP,"[2, 3, 5, 7, 11, 13, 17]","[2, 3, 5, 7, 11, 13, 17]",True,244.807,False,244.807,967a04d0-ff4d-43e7-b0df-c8a8ac083141,Task9,72.114,601.096,0.3264629042198033,0.6735370957801967
Task9CP,9,CP,"[2, 3, 5, 7, 11, 13, 17]","[2, 3, 5, 7, 11, 13, 17]",True,180.656,False,180.656,66b337a9-fadd-45fe-ad28-c77543f6630f,Task9,72.114,601.096,0.20519034674147704,0.7948096532585229
Task9CP,9,CP,"[2, 3, 5, 7, 11, 13, 17]","[2, 3, 5, 7, 11, 13, 17]",True,72.114,False,72.114,45c939e2-e7fc-4728-b3e9-b2ed5380a6cd,Task9,72.114,601.096,0.0,1.0
Task9CP,9,CP,"[2, 3, 5, 7, 11, 13, 17]","[2, 3, 5, 7, 11, 13, 17]",True,120.714,False,120.714,ba88bf04-ee4f-4e6f-8e5a-3c5e62ff5657,Task9,72.114,601.096,0.09187458174380224,0.9081254182561977
Task9CP,9,CP,"[2, 3, 5, 7, 11, 13, 17]","[2, 3, 5, 7, 11, 13, 17]",True,133.393,False,133.393,782b7c64-dfa7-4184-8205-a06d6c33efde,Task9,72.114,601.096,0.11584326120737568,0.8841567387926244
Task9CP,9,CP,"[2, 3, 5, 7, 11, 13, 17]","[2, 3, 5, 7, 11, 13, 17]",True,153.637,False,153.637,4d750b0b-717b-4190-a74f-e8c6189a082f,Task9,72.114,601.096,0.1541129943930039,0.845887005606996
Task10CM,10,CM,7,7,True,58.202,False,58.202,1ce913d5-069e-4146-9f00-0e5864133078,Task10,27.248,312.769,0.10841234094865175,0.8915876590513483
Task10CM,10,CM,7,7,True,114.924,False,114.924,9679a6e6-f970-447c-802a-86f7f518f29c,Task10,27.248,312.769,0.3070737353819859,0.6929262646180141
Task10CM,10,CM,7,7,True,131.614,False,131.614,625d844e-747c-410e-a5d3-ed058832d3bc,Task10,27.248,312.769,0.3655282798813397,0.6344717201186603
Task10CM,10,CM,-1,7,False,265.146,False,0.0,1de0f518-4e16-4de9-8219-d710cf64b71f,Task10,27.248,312.769,0.8332066643084047,0.16679333569159527
Task10CM,10,CM,7,7,True,243.556,False,243.556,1d1071e4-7420-4ae4-b761-89c85bf3ab57,Task10,27.248,312.769,0.7575905099800015,0.24240949001999845
Task10CM,10,CM,7,7,True,175.99,False,175.99,cb039d67-cebf-4750-8d66-55e7a5ca9e1b,Task10,27.248,312.769,0.5209494222841753,0.4790505777158247
Task10CM,10,CM,7,7,True,172.037,False,172.037,5e4ae544-c0e0-434a-b361-f1bb9399dcb0,Task10,27.248,312.769,0.5071045562322912,0.4928954437677088
Task10CM,10,CM,-1,7,False,115.86,False,0.0,dfab1ede-3be6-4858-8d67-0003b2a071a8,Task10,27.248,312.769,0.3103519530962696,0.6896480469037304
Task10CM,10,CM,7,7,True,192.014,False,192.014,9a43cae5-66ad-46b5-8c39-8a42777c4ac7,Task10,27.248,312.769,0.5770713887945196,0.4229286112054804
Task10CM,10,CM,7,7,True,225.324,False,225.324,66310afd-d49f-428c-88c0-3f9ff2788f4d,Task10,27.248,312.769,0.6937353119385264,0.30626468806147356
Task10CP,10,CP,7,7,True,214.915,False,214.915,615db7bf-3727-4ad8-a57f-4b18d9d94739,Task10,27.248,312.769,0.6572791493445316,0.3427208506554684
Task10CP,10,CP,7,7,True,75.098,False,75.098,f9ec2bc7-062a-49b5-9a15-8a0d6b5e18de,Task10,27.248,312.769,0.1675883735346962,0.8324116264653039
Task10CP,10,CP,7,7,True,312.769,False,312.769,dac593bd-1be4-425d-b1c9-3706b5a3f56f,Task10,27.248,312.769,1.0,0.0
Task10CP,10,CP,7,7,True,107.876,False,107.876,b1c5e27d-dd98-491a-9641-eba35a06c659,Task10,27.248,312.769,0.2823890361829778,0.7176109638170223
Task10CP,10,CP,7,7,True,205.65,False,205.65,967a04d0-ff4d-43e7-b0df-c8a8ac083141,Task10,27.248,312.769,0.6248296972902169,0.37517030270978313
Task10CP,10,CP,7,7,True,101.982,False,101.982,66b337a9-fadd-45fe-ad28-c77543f6630f,Task10,27.248,312.769,0.2617460712171784,0.7382539287828216
Task10CP,10,CP,7,7,True,27.248,False,27.248,45c939e2-e7fc-4728-b3e9-b2ed5380a6cd,Task10,27.248,312.769,0.0,1.0
Task10CP,10,CP,45,7,False,57.351,False,0.0,ba88bf04-ee4f-4e6f-8e5a-3c5e62ff5657,Task10,27.248,312.769,0.10543182462936175,0.8945681753706383
Task10CP,10,CP,7,7,True,104.451,False,104.451,782b7c64-dfa7-4184-8205-a06d6c33efde,Task10,27.248,312.769,0.2703934211494075,0.7296065788505925
Task10CP,10,CP,7,7,True,238.535,False,238.535,4d750b0b-717b-4190-a74f-e8c6189a082f,Task10,27.248,312.769,0.7400051134592551,0.2599948865407449
Task11CM,11,CM,3,6,False,285.329,False,0.0,1ce913d5-069e-4146-9f00-0e5864133078,Task11,46.933,520.259,0.5036613243303769,0.4963386756696231
Task11CM,11,CM,1,6,False,162.5,False,0.0,9679a6e6-f970-447c-802a-86f7f518f29c,Task11,46.933,520.259,0.24415941655434098,0.755840583445659
Task11CM,11,CM,4,6,False,303.65,True,0.0,625d844e-747c-410e-a5d3-ed058832d3bc,Task11,46.933,520.259,0.5423682620434964,0.4576317379565036
Task11CM,11,CM,1,6,False,233.774,False,0.0,1de0f518-4e16-4de9-8219-d710cf64b71f,Task11,46.933,520.259,0.39474062274204247,0.6052593772579575
Task11CM,11,CM,0,6,False,221.159,False,0.0,1d1071e4-7420-4ae4-b761-89c85bf3ab57,Task11,46.933,520.259,0.36808880137579597,0.6319111986242041
Task11CM,11,CM,2,6,False,174.983,False,0.0,cb039d67-cebf-4750-8d66-55e7a5ca9e1b,Task11,46.933,520.259,0.27053236036051265,0.7294676396394874
Task11CM,11,CM,2,6,False,317.341,False,0.0,5e4ae544-c0e0-434a-b361-f1bb9399dcb0,Task11,46.933,520.259,0.5712933580661109,0.4287066419338891
Task11CM,11,CM,1,6,False,235.008,False,0.0,dfab1ede-3be6-4858-8d67-0003b2a071a8,Task11,46.933,520.259,0.3973477053869849,0.6026522946130151
Task11CM,11,CM,5,6,False,310.625,True,0.0,9a43cae5-66ad-46b5-8c39-8a42777c4ac7,Task11,46.933,520.259,0.5571044058429074,0.44289559415709256
Task11CM,11,CM,6,6,True,520.259,False,520.259,66310afd-d49f-428c-88c0-3f9ff2788f4d,Task11,46.933,520.259,1.0,0.0
Task11CP,11,CP,2,6,False,154.299,False,0.0,615db7bf-3727-4ad8-a57f-4b18d9d94739,Task11,46.933,520.259,0.2268330917802952,0.7731669082197048
Task11CP,11,CP,2,6,False,182.031,False,0.0,f9ec2bc7-062a-49b5-9a15-8a0d6b5e18de,Task11,46.933,520.259,0.28542273190148015,0.7145772680985198
Task11CP,11,CP,1,6,False,305.475,True,0.0,dac593bd-1be4-425d-b1c9-3706b5a3f56f,Task11,46.933,520.259,0.5462239555824104,0.45377604441758956
Task11CP,11,CP,4,6,False,281.857,False,0.0,b1c5e27d-dd98-491a-9641-eba35a06c659,Task11,46.933,520.259,0.4963259994168924,0.5036740005831075
Task11CP,11,CP,4,6,False,272.509,False,0.0,967a04d0-ff4d-43e7-b0df-c8a8ac083141,Task11,46.933,520.259,0.47657639766249904,0.523423602337501
Task11CP,11,CP,2,6,False,289.691,False,0.0,66b337a9-fadd-45fe-ad28-c77543f6630f,Task11,46.933,520.259,0.5128769600655784,0.48712303993442163
Task11CP,11,CP,6,6,True,98.713,False,98.713,45c939e2-e7fc-4728-b3e9-b2ed5380a6cd,Task11,46.933,520.259,0.10939606106573481,0.8906039389342651
Task11CP,11,CP,4,6,False,59.835,False,0.0,ba88bf04-ee4f-4e6f-8e5a-3c5e62ff5657,Task11,46.933,520.259,0.02725816878853053,0.9727418312114695
Task11CP,11,CP,8,6,False,296.329,False,0.0,782b7c64-dfa7-4184-8205-a06d6c33efde,Task11,46.933,520.259,0.5269011210032831,0.4730988789967169
Task11CP,11,CP,2,6,False,46.933,False,0.0,4d750b0b-717b-4190-a74f-e8c6189a082f,Task11,46.933,520.259,0.0,1.0
Task12CM,12,CM,TRUE,TRUE,True,42.769,False,42.769,1ce913d5-069e-4146-9f00-0e5864133078,Task12,21.291,151.005,0.1655796598670922,0.8344203401329078
Task12CM,12,CM,TRUE,TRUE,True,45.255,False,45.255,9679a6e6-f970-447c-802a-86f7f518f29c,Task12,21.291,151.005,0.1847449003191637,0.8152550996808363
Task12CM,12,CM,TRUE,TRUE,True,64.15,False,64.15,625d844e-747c-410e-a5d3-ed058832d3bc,Task12,21.291,151.005,0.33041152073022195,0.669588479269778
Task12CM,12,CM,FALSE,TRUE,False,72.193,False,0.0,1de0f518-4e16-4de9-8219-d710cf64b71f,Task12,21.291,151.005,0.39241716391445797,0.607582836085542
Task12CM,12,CM,TRUE,TRUE,True,93.043,False,93.043,1d1071e4-7420-4ae4-b761-89c85bf3ab57,Task12,21.291,151.005,0.5531554034259988,0.4468445965740012
Task12CM,12,CM,TRUE,TRUE,True,50.53,False,50.53,cb039d67-cebf-4750-8d66-55e7a5ca9e1b,Task12,21.291,151.005,0.22541128945217942,0.7745887105478206
Task12CM,12,CM,TRUE,TRUE,True,101.713,False,101.713,5e4ae544-c0e0-434a-b361-f1bb9399dcb0,Task12,21.291,151.005,0.6199947576977042,0.3800052423022958
Task12CM,12,CM,TRUE,TRUE,True,42.177,False,42.177,dfab1ede-3be6-4858-8d67-0003b2a071a8,Task12,21.291,151.005,0.16101577316249596,0.8389842268375041
Task12CM,12,CM,TRUE,TRUE,True,52.779,False,52.779,9a43cae5-66ad-46b5-8c39-8a42777c4ac7,Task12,21.291,151.005,0.24274943336879598,0.757250566631204
Task12CM,12,CM,TRUE,TRUE,True,64.562,False,64.562,66310afd-d49f-428c-88c0-3f9ff2788f4d,Task12,21.291,151.005,0.33358773918004225,0.6664122608199577
Task12CP,12,CP,TRUE,TRUE,True,151.005,False,151.005,615db7bf-3727-4ad8-a57f-4b18d9d94739,Task12,21.291,151.005,1.0,0.0
Task12CP,12,CP,TRUE,TRUE,True,31.185,False,31.185,f9ec2bc7-062a-49b5-9a15-8a0d6b5e18de,Task12,21.291,151.005,0.07627549840418149,0.9237245015958185
Task12CP,12,CP,TRUE,TRUE,True,93.165,False,93.165,dac593bd-1be4-425d-b1c9-3706b5a3f56f,Task12,21.291,151.005,0.5540959341320136,0.44590406586798637
Task12CP,12,CP,TRUE,TRUE,True,108.964,False,108.964,b1c5e27d-dd98-491a-9641-eba35a06c659,Task12,21.291,151.005,0.6758946605609264,0.3241053394390736
Task12CP,12,CP,TRUE,TRUE,True,113.001,False,113.001,967a04d0-ff4d-43e7-b0df-c8a8ac083141,Task12,21.291,151.005,0.7070169758083168,0.2929830241916832
Task12CP,12,CP,TRUE,TRUE,True,61.17,False,61.17,66b337a9-fadd-45fe-ad28-c77543f6630f,Task12,21.291,151.005,0.3074379018455988,0.6925620981544012
Task12CP,12,CP,TRUE,TRUE,True,21.291,False,21.291,45c939e2-e7fc-4728-b3e9-b2ed5380a6cd,Task12,21.291,151.005,0.0,1.0
Task12CP,12,CP,TRUE,TRUE,True,37.287,False,37.287,ba88bf04-ee4f-4e6f-8e5a-3c5e62ff5657,Task12,21.291,151.005,0.12331745224108422,0.8766825477589157
Task12CP,12,CP,TRUE,TRUE,True,58.298,False,58.298,782b7c64-dfa7-4184-8205-a06d6c33efde,Task12,21.291,151.005,0.2852968839138413,0.7147031160861588
Task12CP,12,CP,TRUE,TRUE,True,21.336,False,21.336,4d750b0b-717b-4190-a74f-e8c6189a082f,Task12,21.291,151.005,0.00034691706369395866,0.9996530829363061
