replicate,block,temp,rh,evap,tray_no,n_survivors
38-30-C-2,1,38,30,C,2,57
38-30-C-3,1,38,30,C,3,73
38-30-C-4,1,38,30,C,4,76
38-30-E-2,1,38,30,E,2,0
38-30-E-3,1,38,30,E,3,0
38-30-E-4,1,38,30,E,4,0
35-75-C-2,1,35,75,C,2,87
35-75-C-3,1,35,75,C,3,82
35-75-C-4,1,35,75,C,4,80
35-75-E-2,1,35,75,E,2,95
35-75-E-3,1,35,75,E,3,75
35-75-E-4,1,35,75,E,4,78
32-45-C-2,1,32,45,C,2,85
32-45-C-3,1,32,45,C,3,79
32-45-C-4,1,32,45,C,4,67
32-45-E-2,1,32,45,E,2,0
32-45-E-3,1,32,45,E,3,0
32-45-E-4,1,32,45,E,4,0
28-45-C-2,1,28,45,C,2,70
28-45-C-3,1,28,45,C,3,71
28-45-C-4,1,28,45,C,4,84
28-45-E-2,1,28,45,E,2,0
28-45-E-3,1,28,45,E,3,0
28-45-E-4,1,28,45,E,4,0
24-60-C-2,1,24,60,C,2,55
24-60-C-3,1,24,60,C,3,99
24-60-C-4,1,24,60,C,4,92
24-60-E-2,1,24,60,E,2,0
24-60-E-3,1,24,60,E,3,0
24-60-E-4,1,24,60,E,4,0
20-60-C-2,1,20,60,C,2,42
20-60-C-3,1,20,60,C,3,52
20-60-C-4,1,20,60,C,4,37
20-60-E-2,1,20,60,E,2,0
20-60-E-3,1,20,60,E,3,0
20-60-E-4,1,20,60,E,4,0
16-60-C-2,1,16,60,C,2,0
16-60-C-3,1,16,60,C,3,0
16-60-C-4,1,16,60,C,4,0
16-60-E-2,1,16,60,E,2,0
16-60-E-3,1,16,60,E,3,0
16-60-E-4,1,16,60,E,4,0
38-90-C-1,2,38,90,C,1,0
38-90-C-2,2,38,90,C,2,0
38-90-C-3,2,38,90,C,3,0
38-90-E-1,2,38,90,E,1,0
38-90-E-2,2,38,90,E,2,0
38-90-E-3,2,38,90,E,3,0
35-60-C-1,2,35,60,C,1,72
35-60-C-2,2,35,60,C,2,65
35-60-C-3,2,35,60,C,3,72
35-60-E-1,2,35,60,E,1,80
35-60-E-2,2,35,60,E,2,75
35-60-E-3,2,35,60,E,3,46
32-75-C-1,2,32,75,C,1,95
32-75-C-2,2,32,75,C,2,90
32-75-C-3,2,32,75,C,3,81
32-75-E-1,2,32,75,E,1,84
32-75-E-2,2,32,75,E,2,75
32-75-E-3,2,32,75,E,3,86
28-60-C-1,2,28,60,C,1,74
28-60-C-2,2,28,60,C,2,65
28-60-C-3,2,28,60,C,3,80
28-60-E-1,2,28,60,E,1,0
28-60-E-2,2,28,60,E,2,0
28-60-E-3,2,28,60,E,3,0
24-45-C-1,2,24,45,C,1,81
24-45-C-2,2,24,45,C,2,78
24-45-C-3,2,24,45,C,3,40
24-45-E-1,2,24,45,E,1,0
24-45-E-2,2,24,45,E,2,0
24-45-E-3,2,24,45,E,3,0
20-30-C-1,2,20,30,C,1,14
20-30-C-2,2,20,30,C,2,9
20-30-C-3,2,20,30,C,3,26
20-30-E-1,2,20,30,E,1,0
20-30-E-2,2,20,30,E,2,0
20-30-E-3,2,20,30,E,3,0
16-90-C-1,2,16,90,C,1,6
16-90-C-2,2,16,90,C,2,36
16-90-C-3,2,16,90,C,3,50
16-90-E-1,2,16,90,E,1,42
16-90-E-2,2,16,90,E,2,32
16-90-E-3,2,16,90,E,3,44
38-90-C-4,2,38,90,C,4,0
38-90-C-5,2,38,90,C,5,0
38-90-C-6,2,38,90,C,6,0
38-90-C-7,2,38,90,C,7,0
38-90-C-8,2,38,90,C,8,0
38-90-C-9,2,38,90,C,9,0
38-90-E-1,2,38,90,E,4,0
38-90-E-2,2,38,90,E,5,0
38-90-E-3,2,38,90,E,6,0
38-60-C-1,3,38,60,C,1,63
38-60-C-2,3,38,60,C,2,55
38-60-C-3,3,38,60,C,3,41
38-60-E-1,3,38,60,E,1,0
38-60-E-2,3,38,60,E,2,0
38-60-E-3,3,38,60,E,3,0
35-30-C-1,3,35,30,C,1,64
35-30-C-2,3,35,30,C,2,87
35-30-C-3,3,35,30,C,3,83
35-30-E-1,3,35,30,E,1,0
35-30-E-2,3,35,30,E,2,0
35-30-E-3,3,35,30,E,3,0
32-90-C-1,3,32,90,C,1,84
32-90-C-2,3,32,90,C,2,83
32-90-C-3,3,32,90,C,3,84
32-90-E-1,3,32,90,E,1,93
32-90-E-2,3,32,90,E,2,89
32-90-E-3,3,32,90,E,3,91
28-75-C-1,3,28,75,C,1,85
28-75-C-2,3,28,75,C,2,85
28-75-C-3,3,28,75,C,3,87
28-75-E-1,3,28,75,E,1,73
28-75-E-2,3,28,75,E,2,87
28-75-E-3,3,28,75,E,3,75
24-75-C-1,3,24,75,C,1,84
24-75-C-2,3,24,75,C,2,77
24-75-C-3,3,24,75,C,3,57
24-75-E-1,3,24,75,E,1,51
24-75-E-2,3,24,75,E,2,17
24-75-E-3,3,24,75,E,3,72
20-45-C-1,3,20,45,C,1,67
20-45-C-2,3,20,45,C,2,56
20-45-C-3,3,20,45,C,3,48
20-45-E-1,3,20,45,E,1,0
20-45-E-2,3,20,45,E,2,0
20-45-E-3,3,20,45,E,3,0
16-30-C-1,3,16,30,C,1,0
16-30-C-2,3,16,30,C,2,0
16-30-C-3,3,16,30,C,3,0
16-30-E-1,3,16,30,E,1,0
16-30-E-2,3,16,30,E,2,0
16-30-E-3,3,16,30,E,3,0
38-75-C-1,4,38,75,C,1,60
38-75-C-2,4,38,75,C,2,65
38-75-C-3,4,38,75,C,3,24
38-75-E-1,4,38,75,E,1,33
38-75-E-2,4,38,75,E,2,49
38-75-E-3,4,38,75,E,3,48
35-90-C-1,4,35,90,C,1,66
35-90-C-2,4,35,90,C,2,80
35-90-C-3,4,35,90,C,3,82
35-90-E-1,4,35,90,E,1,92
35-90-E-2,4,35,90,E,2,70
35-90-E-3,4,35,90,E,3,80
32-60-C-1,4,32,60,C,1,90
32-60-C-2,4,32,60,C,2,86
32-60-C-3,4,32,60,C,3,92
32-60-E-1,4,32,60,E,1,64
32-60-E-2,4,32,60,E,2,80
32-60-E-3,4,32,60,E,3,74
28-30-C-1,4,28,30,C,1,94
28-30-C-2,4,28,30,C,2,93
28-30-C-3,4,28,30,C,3,91
28-30-E-1,4,28,30,E,1,0
28-30-E-2,4,28,30,E,2,0
28-30-E-3,4,28,30,E,3,0
24-30-C-1,4,24,30,C,1,63
24-30-C-2,4,24,30,C,2,85
24-30-C-3,4,24,30,C,3,64
24-30-E-1,4,24,30,E,1,0
24-30-E-2,4,24,30,E,2,0
24-30-E-3,4,24,30,E,3,0
20-90-C-1,4,20,90,C,1,84
20-90-C-2,4,20,90,C,2,79
20-90-C-3,4,20,90,C,3,88
20-90-E-1,4,20,90,E,1,71
20-90-E-2,4,20,90,E,2,83
20-90-E-3,4,20,90,E,3,79
16-45-C-1,4,16,45,C,1,0
16-45-C-2,4,16,45,C,2,2
16-45-C-3,4,16,45,C,3,7
16-45-E-1,4,16,45,E,1,0
16-45-E-2,4,16,45,E,2,0
16-45-E-3,4,16,45,E,3,0
38-45-C-1,5,38,45,C,1,60
38-45-C-2,5,38,45,C,2,55
38-45-C-3,5,38,45,C,3,57
38-45-E-1,5,38,45,E,1,0
38-45-E-2,5,38,45,E,2,0
38-45-E-3,5,38,45,E,3,0
35-45-C-1,5,35,45,C,1,67
35-45-C-2,5,35,45,C,2,90
35-45-C-3,5,35,45,C,3,54
35-45-E-1,5,35,45,E,1,0
35-45-E-2,5,35,45,E,2,0
35-45-E-3,5,35,45,E,3,0
32-30-C-1,5,32,30,C,1,79
32-30-C-2,5,32,30,C,2,78
32-30-C-3,5,32,30,C,3,70
32-30-E-1,5,32,30,E,1,0
32-30-E-2,5,32,30,E,2,0
32-30-E-3,5,32,30,E,3,0
28-90-C-1,5,28,90,C,1,75
28-90-C-2,5,28,90,C,2,62
28-90-C-3,5,28,90,C,3,90
28-90-E-1,5,28,90,E,1,67
28-90-E-2,5,28,90,E,2,91
28-90-E-3,5,28,90,E,3,86
24-90-C-1,5,24,90,C,1,78
24-90-C-2,5,24,90,C,2,85
24-90-C-3,5,24,90,C,3,95
24-90-E-1,5,24,90,E,1,86
24-90-E-2,5,24,90,E,2,86
24-90-E-3,5,24,90,E,3,94
20-75-C-1,5,20,75,C,1,49
20-75-C-2,5,20,75,C,2,63
20-75-C-3,5,20,75,C,3,68
20-75-E-1,5,20,75,E,1,0
20-75-E-2,5,20,75,E,2,0
20-75-E-3,5,20,75,E,3,0
16-75-C-1,5,16,75,C,1,2
16-75-C-2,5,16,75,C,2,4
16-75-C-3,5,16,75,C,3,6
16-75-E-1,5,16,75,E,1,0
16-75-E-2,5,16,75,E,2,0
16-75-E-3,5,16,75,E,3,0
40-60-C-1,6,40,60,C,1,3
40-60-C-2,6,40,60,C,2,7
40-60-C-3,6,40,60,C,3,1
40-60-E-1,6,40,60,E,1,0
40-60-E-2,6,40,60,E,2,0
40-60-E-3,6,40,60,E,3,0
40-90-C-1,7,40,90,C,1,0
40-90-C-2,7,40,90,C,2,0
40-90-C-3,7,40,90,C,3,0
40-90-E-1,7,40,90,E,1,0
40-90-E-2,7,40,90,E,2,0
40-90-E-3,7,40,90,E,3,0
40-75-C-1,7,40,75,C,1,0
40-75-C-2,7,40,75,C,2,0
40-75-C-3,7,40,75,C,3,0
40-75-E-1,7,40,75,E,1,0
40-75-E-2,7,40,75,E,2,0
40-75-E-3,7,40,75,E,3,0
40-45-C-1,7,40,45,C,1,41
40-45-C-2,7,40,45,C,2,31
40-45-C-3,7,40,45,C,3,25
40-45-E-1,7,40,45,E,1,0
40-45-E-2,7,40,45,E,2,0
40-45-E-3,7,40,45,E,3,0
40-30-C-1,7,40,30,C,1,26
40-30-C-2,7,40,30,C,2,62
40-30-C-3,7,40,30,C,3,66
40-30-E-1,7,40,30,E,1,0
40-30-E-2,7,40,30,E,2,0
40-30-E-3,7,40,30,E,3,0
